v,d,len_voxel,Dt,trajectories
2.9822571777931497,0.8620850825283581,1.0,10.0,100000.0
3.760091627011085,0.748231286241752,1.0,10.0,100000.0
