v,d,len_voxel,Dt,trajectories
4.111414830317872,0.5317968572054963,1.0,10.0,100000.0
0.030682617326905914,0.7928452995890616,1.0,10.0,100000.0
