v,d,len_voxel,Dt,trajectories
2.615700723931891,0.6142409898466978,1.0,10.0,100000.0
4.841465184182924,0.44321227681161846,1.0,10.0,100000.0
